{
    "type": "table",
    "name": "experience",
    "database": "final_project",
    "data": 
[
{
    "depart_time": "14",
    "arrival_time": "19",
    "date": "11",
    "experience_id": "1",
    "distance": "21",
    "navigation_id": "1"
},
{
    "depart_time": "14",
    "arrival_time": "4",
    "date": "1",
    "experience_id": "2",
    "distance": "629",
    "navigation_id": "1"
},
{
    "depart_time": "8",
    "arrival_time": "16",
    "date": "9",
    "experience_id": "3",
    "distance": "329",
    "navigation_id": "3"
},
{
    "depart_time": "4",
    "arrival_time": "12",
    "date": "29",
    "experience_id": "4",
    "distance": "8",
    "navigation_id": "1"
},
{
    "depart_time": "15",
    "arrival_time": "4",
    "date": "3",
    "experience_id": "5",
    "distance": "766",
    "navigation_id": "2"
},
{
    "depart_time": "18",
    "arrival_time": "0",
    "date": "27",
    "experience_id": "6",
    "distance": "150",
    "navigation_id": "1"
},
{
    "depart_time": "12",
    "arrival_time": "1",
    "date": "23",
    "experience_id": "7",
    "distance": "379",
    "navigation_id": "3"
},
{
    "depart_time": "16",
    "arrival_time": "2",
    "date": "14",
    "experience_id": "8",
    "distance": "950",
    "navigation_id": "2"
},
{
    "depart_time": "4",
    "arrival_time": "18",
    "date": "7",
    "experience_id": "9",
    "distance": "825",
    "navigation_id": "2"
},
{
    "depart_time": "19",
    "arrival_time": "16",
    "date": "1",
    "experience_id": "10",
    "distance": "74",
    "navigation_id": "1"
},
{
    "depart_time": "3",
    "arrival_time": "23",
    "date": "11",
    "experience_id": "11",
    "distance": "849",
    "navigation_id": "1"
},
{
    "depart_time": "10",
    "arrival_time": "15",
    "date": "29",
    "experience_id": "12",
    "distance": "673",
    "navigation_id": "2"
},
{
    "depart_time": "21",
    "arrival_time": "16",
    "date": "25",
    "experience_id": "13",
    "distance": "892",
    "navigation_id": "1"
},
{
    "depart_time": "17",
    "arrival_time": "10",
    "date": "30",
    "experience_id": "14",
    "distance": "518",
    "navigation_id": "3"
},
{
    "depart_time": "22",
    "arrival_time": "14",
    "date": "9",
    "experience_id": "15",
    "distance": "507",
    "navigation_id": "3"
},
{
    "depart_time": "1",
    "arrival_time": "3",
    "date": "16",
    "experience_id": "16",
    "distance": "44",
    "navigation_id": "3"
},
{
    "depart_time": "16",
    "arrival_time": "1",
    "date": "10",
    "experience_id": "17",
    "distance": "339",
    "navigation_id": "3"
},
{
    "depart_time": "21",
    "arrival_time": "2",
    "date": "26",
    "experience_id": "18",
    "distance": "856",
    "navigation_id": "3"
},
{
    "depart_time": "9",
    "arrival_time": "13",
    "date": "18",
    "experience_id": "19",
    "distance": "256",
    "navigation_id": "2"
},
{
    "depart_time": "22",
    "arrival_time": "3",
    "date": "25",
    "experience_id": "20",
    "distance": "566",
    "navigation_id": "2"
},
{
    "depart_time": "14",
    "arrival_time": "13",
    "date": "3",
    "experience_id": "21",
    "distance": "729",
    "navigation_id": "2"
},
{
    "depart_time": "17",
    "arrival_time": "11",
    "date": "8",
    "experience_id": "22",
    "distance": "741",
    "navigation_id": "3"
},
{
    "depart_time": "17",
    "arrival_time": "16",
    "date": "6",
    "experience_id": "23",
    "distance": "845",
    "navigation_id": "3"
},
{
    "depart_time": "0",
    "arrival_time": "22",
    "date": "21",
    "experience_id": "24",
    "distance": "448",
    "navigation_id": "1"
},
{
    "depart_time": "1",
    "arrival_time": "12",
    "date": "15",
    "experience_id": "25",
    "distance": "677",
    "navigation_id": "1"
},
{
    "depart_time": "0",
    "arrival_time": "0",
    "date": "5",
    "experience_id": "26",
    "distance": "677",
    "navigation_id": "3"
},
{
    "depart_time": "12",
    "arrival_time": "19",
    "date": "18",
    "experience_id": "27",
    "distance": "352",
    "navigation_id": "1"
},
{
    "depart_time": "8",
    "arrival_time": "12",
    "date": "16",
    "experience_id": "28",
    "distance": "25",
    "navigation_id": "2"
},
{
    "depart_time": "20",
    "arrival_time": "12",
    "date": "4",
    "experience_id": "29",
    "distance": "892",
    "navigation_id": "1"
},
{
    "depart_time": "3",
    "arrival_time": "4",
    "date": "16",
    "experience_id": "30",
    "distance": "973",
    "navigation_id": "2"
},
{
    "depart_time": "20",
    "arrival_time": "6",
    "date": "26",
    "experience_id": "31",
    "distance": "249",
    "navigation_id": "3"
},
{
    "depart_time": "3",
    "arrival_time": "9",
    "date": "17",
    "experience_id": "32",
    "distance": "436",
    "navigation_id": "2"
},
{
    "depart_time": "18",
    "arrival_time": "23",
    "date": "17",
    "experience_id": "33",
    "distance": "760",
    "navigation_id": "1"
},
{
    "depart_time": "18",
    "arrival_time": "6",
    "date": "2",
    "experience_id": "34",
    "distance": "399",
    "navigation_id": "3"
},
{
    "depart_time": "1",
    "arrival_time": "18",
    "date": "21",
    "experience_id": "35",
    "distance": "995",
    "navigation_id": "3"
},
{
    "depart_time": "22",
    "arrival_time": "19",
    "date": "8",
    "experience_id": "36",
    "distance": "725",
    "navigation_id": "3"
},
{
    "depart_time": "9",
    "arrival_time": "4",
    "date": "25",
    "experience_id": "37",
    "distance": "334",
    "navigation_id": "2"
},
{
    "depart_time": "16",
    "arrival_time": "9",
    "date": "29",
    "experience_id": "38",
    "distance": "432",
    "navigation_id": "2"
},
{
    "depart_time": "16",
    "arrival_time": "4",
    "date": "28",
    "experience_id": "39",
    "distance": "955",
    "navigation_id": "1"
},
{
    "depart_time": "12",
    "arrival_time": "7",
    "date": "30",
    "experience_id": "40",
    "distance": "879",
    "navigation_id": "2"
},
{
    "depart_time": "1",
    "arrival_time": "18",
    "date": "20",
    "experience_id": "41",
    "distance": "870",
    "navigation_id": "2"
},
{
    "depart_time": "13",
    "arrival_time": "10",
    "date": "16",
    "experience_id": "42",
    "distance": "262",
    "navigation_id": "3"
},
{
    "depart_time": "3",
    "arrival_time": "8",
    "date": "9",
    "experience_id": "43",
    "distance": "353",
    "navigation_id": "3"
},
{
    "depart_time": "16",
    "arrival_time": "13",
    "date": "25",
    "experience_id": "44",
    "distance": "239",
    "navigation_id": "3"
},
{
    "depart_time": "10",
    "arrival_time": "17",
    "date": "9",
    "experience_id": "45",
    "distance": "182",
    "navigation_id": "1"
},
{
    "depart_time": "23",
    "arrival_time": "15",
    "date": "8",
    "experience_id": "46",
    "distance": "276",
    "navigation_id": "2"
},
{
    "depart_time": "10",
    "arrival_time": "7",
    "date": "6",
    "experience_id": "47",
    "distance": "972",
    "navigation_id": "1"
},
{
    "depart_time": "16",
    "arrival_time": "11",
    "date": "13",
    "experience_id": "48",
    "distance": "595",
    "navigation_id": "3"
},
{
    "depart_time": "19",
    "arrival_time": "21",
    "date": "1",
    "experience_id": "49",
    "distance": "413",
    "navigation_id": "1"
},
{
    "depart_time": "20",
    "arrival_time": "5",
    "date": "17",
    "experience_id": "50",
    "distance": "961",
    "navigation_id": "1"
},
{
    "depart_time": "7",
    "arrival_time": "20",
    "date": "9",
    "experience_id": "51",
    "distance": "866",
    "navigation_id": "2"
},
{
    "depart_time": "20",
    "arrival_time": "20",
    "date": "22",
    "experience_id": "52",
    "distance": "833",
    "navigation_id": "1"
},
{
    "depart_time": "3",
    "arrival_time": "7",
    "date": "3",
    "experience_id": "53",
    "distance": "454",
    "navigation_id": "1"
},
{
    "depart_time": "23",
    "arrival_time": "17",
    "date": "22",
    "experience_id": "54",
    "distance": "321",
    "navigation_id": "2"
},
{
    "depart_time": "12",
    "arrival_time": "0",
    "date": "21",
    "experience_id": "55",
    "distance": "253",
    "navigation_id": "1"
},
{
    "depart_time": "11",
    "arrival_time": "16",
    "date": "31",
    "experience_id": "56",
    "distance": "836",
    "navigation_id": "1"
},
{
    "depart_time": "16",
    "arrival_time": "19",
    "date": "27",
    "experience_id": "57",
    "distance": "864",
    "navigation_id": "3"
},
{
    "depart_time": "7",
    "arrival_time": "4",
    "date": "31",
    "experience_id": "58",
    "distance": "421",
    "navigation_id": "1"
},
{
    "depart_time": "8",
    "arrival_time": "11",
    "date": "8",
    "experience_id": "59",
    "distance": "805",
    "navigation_id": "1"
},
{
    "depart_time": "1",
    "arrival_time": "11",
    "date": "7",
    "experience_id": "60",
    "distance": "538",
    "navigation_id": "1"
},
{
    "depart_time": "20",
    "arrival_time": "0",
    "date": "18",
    "experience_id": "61",
    "distance": "772",
    "navigation_id": "1"
},
{
    "depart_time": "8",
    "arrival_time": "10",
    "date": "3",
    "experience_id": "62",
    "distance": "132",
    "navigation_id": "2"
},
{
    "depart_time": "13",
    "arrival_time": "14",
    "date": "9",
    "experience_id": "63",
    "distance": "654",
    "navigation_id": "2"
},
{
    "depart_time": "3",
    "arrival_time": "11",
    "date": "28",
    "experience_id": "64",
    "distance": "50",
    "navigation_id": "2"
},
{
    "depart_time": "18",
    "arrival_time": "1",
    "date": "3",
    "experience_id": "65",
    "distance": "203",
    "navigation_id": "3"
},
{
    "depart_time": "4",
    "arrival_time": "15",
    "date": "19",
    "experience_id": "66",
    "distance": "96",
    "navigation_id": "3"
},
{
    "depart_time": "4",
    "arrival_time": "19",
    "date": "19",
    "experience_id": "67",
    "distance": "558",
    "navigation_id": "3"
},
{
    "depart_time": "2",
    "arrival_time": "17",
    "date": "11",
    "experience_id": "68",
    "distance": "492",
    "navigation_id": "2"
},
{
    "depart_time": "15",
    "arrival_time": "0",
    "date": "2",
    "experience_id": "69",
    "distance": "177",
    "navigation_id": "3"
},
{
    "depart_time": "8",
    "arrival_time": "11",
    "date": "9",
    "experience_id": "70",
    "distance": "963",
    "navigation_id": "3"
},
{
    "depart_time": "1",
    "arrival_time": "7",
    "date": "15",
    "experience_id": "71",
    "distance": "335",
    "navigation_id": "1"
},
{
    "depart_time": "9",
    "arrival_time": "5",
    "date": "26",
    "experience_id": "72",
    "distance": "460",
    "navigation_id": "3"
},
{
    "depart_time": "20",
    "arrival_time": "17",
    "date": "5",
    "experience_id": "73",
    "distance": "439",
    "navigation_id": "3"
},
{
    "depart_time": "16",
    "arrival_time": "0",
    "date": "31",
    "experience_id": "74",
    "distance": "911",
    "navigation_id": "2"
},
{
    "depart_time": "6",
    "arrival_time": "12",
    "date": "25",
    "experience_id": "75",
    "distance": "435",
    "navigation_id": "3"
},
{
    "depart_time": "14",
    "arrival_time": "18",
    "date": "29",
    "experience_id": "76",
    "distance": "325",
    "navigation_id": "3"
},
{
    "depart_time": "8",
    "arrival_time": "4",
    "date": "25",
    "experience_id": "77",
    "distance": "504",
    "navigation_id": "1"
},
{
    "depart_time": "0",
    "arrival_time": "19",
    "date": "3",
    "experience_id": "78",
    "distance": "841",
    "navigation_id": "1"
},
{
    "depart_time": "11",
    "arrival_time": "10",
    "date": "23",
    "experience_id": "79",
    "distance": "364",
    "navigation_id": "2"
},
{
    "depart_time": "22",
    "arrival_time": "21",
    "date": "23",
    "experience_id": "80",
    "distance": "819",
    "navigation_id": "3"
},
{
    "depart_time": "9",
    "arrival_time": "23",
    "date": "25",
    "experience_id": "81",
    "distance": "944",
    "navigation_id": "2"
},
{
    "depart_time": "2",
    "arrival_time": "9",
    "date": "21",
    "experience_id": "82",
    "distance": "72",
    "navigation_id": "2"
},
{
    "depart_time": "18",
    "arrival_time": "17",
    "date": "10",
    "experience_id": "83",
    "distance": "338",
    "navigation_id": "3"
},
{
    "depart_time": "19",
    "arrival_time": "20",
    "date": "24",
    "experience_id": "84",
    "distance": "305",
    "navigation_id": "1"
},
{
    "depart_time": "2",
    "arrival_time": "23",
    "date": "18",
    "experience_id": "85",
    "distance": "907",
    "navigation_id": "3"
},
{
    "depart_time": "8",
    "arrival_time": "7",
    "date": "16",
    "experience_id": "86",
    "distance": "633",
    "navigation_id": "2"
},
{
    "depart_time": "4",
    "arrival_time": "3",
    "date": "5",
    "experience_id": "87",
    "distance": "248",
    "navigation_id": "3"
},
{
    "depart_time": "9",
    "arrival_time": "9",
    "date": "29",
    "experience_id": "88",
    "distance": "364",
    "navigation_id": "1"
},
{
    "depart_time": "5",
    "arrival_time": "0",
    "date": "13",
    "experience_id": "89",
    "distance": "950",
    "navigation_id": "2"
},
{
    "depart_time": "18",
    "arrival_time": "8",
    "date": "11",
    "experience_id": "90",
    "distance": "736",
    "navigation_id": "2"
},
{
    "depart_time": "22",
    "arrival_time": "17",
    "date": "29",
    "experience_id": "91",
    "distance": "319",
    "navigation_id": "3"
},
{
    "depart_time": "10",
    "arrival_time": "14",
    "date": "23",
    "experience_id": "92",
    "distance": "779",
    "navigation_id": "3"
},
{
    "depart_time": "6",
    "arrival_time": "3",
    "date": "1",
    "experience_id": "93",
    "distance": "617",
    "navigation_id": "1"
},
{
    "depart_time": "6",
    "arrival_time": "6",
    "date": "16",
    "experience_id": "94",
    "distance": "689",
    "navigation_id": "3"
},
{
    "depart_time": "18",
    "arrival_time": "23",
    "date": "16",
    "experience_id": "95",
    "distance": "594",
    "navigation_id": "2"
},
{
    "depart_time": "14",
    "arrival_time": "15",
    "date": "13",
    "experience_id": "96",
    "distance": "127",
    "navigation_id": "2"
},
{
    "depart_time": "12",
    "arrival_time": "10",
    "date": "22",
    "experience_id": "97",
    "distance": "79",
    "navigation_id": "2"
},
{
    "depart_time": "11",
    "arrival_time": "9",
    "date": "16",
    "experience_id": "98",
    "distance": "362",
    "navigation_id": "1"
},
{
    "depart_time": "8",
    "arrival_time": "21",
    "date": "16",
    "experience_id": "99",
    "distance": "750",
    "navigation_id": "1"
},
{
    "depart_time": "0",
    "arrival_time": "9",
    "date": "30",
    "experience_id": "100",
    "distance": "487",
    "navigation_id": "2"
},
{
    "depart_time": "13",
    "arrival_time": "0",
    "date": "12",
    "experience_id": "101",
    "distance": "756",
    "navigation_id": "3"
},
{
    "depart_time": "6",
    "arrival_time": "6",
    "date": "14",
    "experience_id": "102",
    "distance": "412",
    "navigation_id": "3"
},
{
    "depart_time": "13",
    "arrival_time": "13",
    "date": "3",
    "experience_id": "103",
    "distance": "788",
    "navigation_id": "2"
},
{
    "depart_time": "22",
    "arrival_time": "17",
    "date": "23",
    "experience_id": "104",
    "distance": "550",
    "navigation_id": "2"
},
{
    "depart_time": "1",
    "arrival_time": "16",
    "date": "11",
    "experience_id": "105",
    "distance": "501",
    "navigation_id": "2"
},
{
    "depart_time": "4",
    "arrival_time": "7",
    "date": "3",
    "experience_id": "106",
    "distance": "479",
    "navigation_id": "1"
},
{
    "depart_time": "2",
    "arrival_time": "4",
    "date": "22",
    "experience_id": "107",
    "distance": "881",
    "navigation_id": "1"
},
{
    "depart_time": "22",
    "arrival_time": "16",
    "date": "22",
    "experience_id": "108",
    "distance": "381",
    "navigation_id": "3"
},
{
    "depart_time": "23",
    "arrival_time": "12",
    "date": "16",
    "experience_id": "109",
    "distance": "71",
    "navigation_id": "3"
},
{
    "depart_time": "20",
    "arrival_time": "18",
    "date": "9",
    "experience_id": "110",
    "distance": "139",
    "navigation_id": "3"
},
{
    "depart_time": "19",
    "arrival_time": "12",
    "date": "3",
    "experience_id": "111",
    "distance": "921",
    "navigation_id": "2"
},
{
    "depart_time": "0",
    "arrival_time": "22",
    "date": "23",
    "experience_id": "112",
    "distance": "852",
    "navigation_id": "1"
},
{
    "depart_time": "15",
    "arrival_time": "2",
    "date": "20",
    "experience_id": "113",
    "distance": "739",
    "navigation_id": "3"
},
{
    "depart_time": "1",
    "arrival_time": "17",
    "date": "13",
    "experience_id": "114",
    "distance": "812",
    "navigation_id": "3"
},
{
    "depart_time": "1",
    "arrival_time": "12",
    "date": "17",
    "experience_id": "115",
    "distance": "124",
    "navigation_id": "3"
},
{
    "depart_time": "12",
    "arrival_time": "17",
    "date": "30",
    "experience_id": "116",
    "distance": "697",
    "navigation_id": "2"
},
{
    "depart_time": "20",
    "arrival_time": "10",
    "date": "22",
    "experience_id": "117",
    "distance": "77",
    "navigation_id": "2"
},
{
    "depart_time": "12",
    "arrival_time": "12",
    "date": "4",
    "experience_id": "118",
    "distance": "997",
    "navigation_id": "2"
},
{
    "depart_time": "3",
    "arrival_time": "20",
    "date": "27",
    "experience_id": "119",
    "distance": "705",
    "navigation_id": "3"
},
{
    "depart_time": "15",
    "arrival_time": "10",
    "date": "6",
    "experience_id": "120",
    "distance": "524",
    "navigation_id": "1"
},
{
    "depart_time": "2",
    "arrival_time": "4",
    "date": "20",
    "experience_id": "121",
    "distance": "584",
    "navigation_id": "1"
},
{
    "depart_time": "6",
    "arrival_time": "9",
    "date": "4",
    "experience_id": "122",
    "distance": "415",
    "navigation_id": "3"
},
{
    "depart_time": "8",
    "arrival_time": "15",
    "date": "3",
    "experience_id": "123",
    "distance": "493",
    "navigation_id": "1"
},
{
    "depart_time": "16",
    "arrival_time": "18",
    "date": "25",
    "experience_id": "124",
    "distance": "580",
    "navigation_id": "2"
},
{
    "depart_time": "1",
    "arrival_time": "15",
    "date": "31",
    "experience_id": "125",
    "distance": "954",
    "navigation_id": "3"
},
{
    "depart_time": "10",
    "arrival_time": "15",
    "date": "29",
    "experience_id": "126",
    "distance": "650",
    "navigation_id": "2"
},
{
    "depart_time": "11",
    "arrival_time": "22",
    "date": "9",
    "experience_id": "127",
    "distance": "501",
    "navigation_id": "3"
},
{
    "depart_time": "1",
    "arrival_time": "3",
    "date": "17",
    "experience_id": "128",
    "distance": "200",
    "navigation_id": "2"
},
{
    "depart_time": "13",
    "arrival_time": "12",
    "date": "31",
    "experience_id": "129",
    "distance": "355",
    "navigation_id": "3"
},
{
    "depart_time": "21",
    "arrival_time": "2",
    "date": "26",
    "experience_id": "130",
    "distance": "812",
    "navigation_id": "2"
},
{
    "depart_time": "12",
    "arrival_time": "19",
    "date": "17",
    "experience_id": "131",
    "distance": "168",
    "navigation_id": "1"
},
{
    "depart_time": "20",
    "arrival_time": "12",
    "date": "1",
    "experience_id": "132",
    "distance": "524",
    "navigation_id": "2"
},
{
    "depart_time": "5",
    "arrival_time": "11",
    "date": "23",
    "experience_id": "133",
    "distance": "221",
    "navigation_id": "3"
},
{
    "depart_time": "19",
    "arrival_time": "8",
    "date": "13",
    "experience_id": "134",
    "distance": "942",
    "navigation_id": "2"
},
{
    "depart_time": "14",
    "arrival_time": "11",
    "date": "22",
    "experience_id": "135",
    "distance": "48",
    "navigation_id": "1"
},
{
    "depart_time": "11",
    "arrival_time": "22",
    "date": "13",
    "experience_id": "136",
    "distance": "107",
    "navigation_id": "2"
},
{
    "depart_time": "9",
    "arrival_time": "0",
    "date": "28",
    "experience_id": "137",
    "distance": "409",
    "navigation_id": "2"
},
{
    "depart_time": "12",
    "arrival_time": "14",
    "date": "13",
    "experience_id": "138",
    "distance": "235",
    "navigation_id": "3"
},
{
    "depart_time": "1",
    "arrival_time": "11",
    "date": "7",
    "experience_id": "139",
    "distance": "589",
    "navigation_id": "1"
},
{
    "depart_time": "20",
    "arrival_time": "5",
    "date": "21",
    "experience_id": "140",
    "distance": "625",
    "navigation_id": "1"
},
{
    "depart_time": "18",
    "arrival_time": "9",
    "date": "20",
    "experience_id": "141",
    "distance": "72",
    "navigation_id": "2"
},
{
    "depart_time": "23",
    "arrival_time": "13",
    "date": "25",
    "experience_id": "142",
    "distance": "373",
    "navigation_id": "2"
},
{
    "depart_time": "5",
    "arrival_time": "16",
    "date": "22",
    "experience_id": "143",
    "distance": "485",
    "navigation_id": "1"
},
{
    "depart_time": "4",
    "arrival_time": "0",
    "date": "17",
    "experience_id": "144",
    "distance": "577",
    "navigation_id": "1"
},
{
    "depart_time": "16",
    "arrival_time": "15",
    "date": "5",
    "experience_id": "145",
    "distance": "719",
    "navigation_id": "1"
},
{
    "depart_time": "20",
    "arrival_time": "15",
    "date": "23",
    "experience_id": "146",
    "distance": "630",
    "navigation_id": "3"
},
{
    "depart_time": "1",
    "arrival_time": "9",
    "date": "22",
    "experience_id": "147",
    "distance": "390",
    "navigation_id": "3"
},
{
    "depart_time": "22",
    "arrival_time": "6",
    "date": "17",
    "experience_id": "148",
    "distance": "847",
    "navigation_id": "2"
},
{
    "depart_time": "14",
    "arrival_time": "2",
    "date": "26",
    "experience_id": "149",
    "distance": "704",
    "navigation_id": "1"
},
{
    "depart_time": "6",
    "arrival_time": "1",
    "date": "18",
    "experience_id": "150",
    "distance": "636",
    "navigation_id": "2"
},
{
    "depart_time": "11",
    "arrival_time": "22",
    "date": "8",
    "experience_id": "151",
    "distance": "414",
    "navigation_id": "2"
},
{
    "depart_time": "11",
    "arrival_time": "10",
    "date": "23",
    "experience_id": "152",
    "distance": "295",
    "navigation_id": "1"
},
{
    "depart_time": "14",
    "arrival_time": "5",
    "date": "6",
    "experience_id": "153",
    "distance": "305",
    "navigation_id": "3"
},
{
    "depart_time": "21",
    "arrival_time": "13",
    "date": "6",
    "experience_id": "154",
    "distance": "114",
    "navigation_id": "1"
},
{
    "depart_time": "1",
    "arrival_time": "3",
    "date": "16",
    "experience_id": "155",
    "distance": "5",
    "navigation_id": "2"
},
{
    "depart_time": "19",
    "arrival_time": "7",
    "date": "6",
    "experience_id": "156",
    "distance": "946",
    "navigation_id": "1"
},
{
    "depart_time": "2",
    "arrival_time": "0",
    "date": "26",
    "experience_id": "157",
    "distance": "997",
    "navigation_id": "2"
},
{
    "depart_time": "14",
    "arrival_time": "11",
    "date": "18",
    "experience_id": "158",
    "distance": "443",
    "navigation_id": "2"
},
{
    "depart_time": "2",
    "arrival_time": "1",
    "date": "29",
    "experience_id": "159",
    "distance": "497",
    "navigation_id": "3"
},
{
    "depart_time": "0",
    "arrival_time": "1",
    "date": "10",
    "experience_id": "160",
    "distance": "222",
    "navigation_id": "1"
},
{
    "depart_time": "11",
    "arrival_time": "16",
    "date": "3",
    "experience_id": "161",
    "distance": "345",
    "navigation_id": "2"
},
{
    "depart_time": "5",
    "arrival_time": "17",
    "date": "1",
    "experience_id": "162",
    "distance": "890",
    "navigation_id": "2"
},
{
    "depart_time": "7",
    "arrival_time": "9",
    "date": "3",
    "experience_id": "163",
    "distance": "167",
    "navigation_id": "2"
},
{
    "depart_time": "12",
    "arrival_time": "17",
    "date": "5",
    "experience_id": "164",
    "distance": "577",
    "navigation_id": "2"
},
{
    "depart_time": "8",
    "arrival_time": "11",
    "date": "12",
    "experience_id": "165",
    "distance": "440",
    "navigation_id": "1"
},
{
    "depart_time": "0",
    "arrival_time": "21",
    "date": "14",
    "experience_id": "166",
    "distance": "520",
    "navigation_id": "1"
},
{
    "depart_time": "18",
    "arrival_time": "0",
    "date": "26",
    "experience_id": "167",
    "distance": "979",
    "navigation_id": "2"
},
{
    "depart_time": "10",
    "arrival_time": "19",
    "date": "21",
    "experience_id": "168",
    "distance": "883",
    "navigation_id": "2"
},
{
    "depart_time": "14",
    "arrival_time": "15",
    "date": "16",
    "experience_id": "169",
    "distance": "463",
    "navigation_id": "3"
},
{
    "depart_time": "21",
    "arrival_time": "20",
    "date": "20",
    "experience_id": "170",
    "distance": "517",
    "navigation_id": "3"
},
{
    "depart_time": "3",
    "arrival_time": "12",
    "date": "8",
    "experience_id": "171",
    "distance": "527",
    "navigation_id": "3"
},
{
    "depart_time": "4",
    "arrival_time": "1",
    "date": "25",
    "experience_id": "172",
    "distance": "685",
    "navigation_id": "1"
},
{
    "depart_time": "10",
    "arrival_time": "19",
    "date": "24",
    "experience_id": "173",
    "distance": "433",
    "navigation_id": "3"
},
{
    "depart_time": "23",
    "arrival_time": "9",
    "date": "31",
    "experience_id": "174",
    "distance": "715",
    "navigation_id": "2"
},
{
    "depart_time": "1",
    "arrival_time": "10",
    "date": "28",
    "experience_id": "175",
    "distance": "192",
    "navigation_id": "1"
},
{
    "depart_time": "21",
    "arrival_time": "12",
    "date": "31",
    "experience_id": "176",
    "distance": "386",
    "navigation_id": "3"
},
{
    "depart_time": "14",
    "arrival_time": "3",
    "date": "28",
    "experience_id": "177",
    "distance": "14",
    "navigation_id": "2"
},
{
    "depart_time": "1",
    "arrival_time": "0",
    "date": "1",
    "experience_id": "178",
    "distance": "983",
    "navigation_id": "3"
},
{
    "depart_time": "7",
    "arrival_time": "0",
    "date": "6",
    "experience_id": "179",
    "distance": "839",
    "navigation_id": "2"
},
{
    "depart_time": "16",
    "arrival_time": "13",
    "date": "21",
    "experience_id": "180",
    "distance": "643",
    "navigation_id": "1"
},
{
    "depart_time": "6",
    "arrival_time": "16",
    "date": "18",
    "experience_id": "181",
    "distance": "722",
    "navigation_id": "3"
},
{
    "depart_time": "14",
    "arrival_time": "5",
    "date": "10",
    "experience_id": "182",
    "distance": "840",
    "navigation_id": "1"
},
{
    "depart_time": "20",
    "arrival_time": "11",
    "date": "23",
    "experience_id": "183",
    "distance": "266",
    "navigation_id": "1"
},
{
    "depart_time": "22",
    "arrival_time": "4",
    "date": "6",
    "experience_id": "184",
    "distance": "272",
    "navigation_id": "3"
},
{
    "depart_time": "11",
    "arrival_time": "20",
    "date": "28",
    "experience_id": "185",
    "distance": "792",
    "navigation_id": "1"
},
{
    "depart_time": "5",
    "arrival_time": "3",
    "date": "5",
    "experience_id": "186",
    "distance": "240",
    "navigation_id": "3"
},
{
    "depart_time": "2",
    "arrival_time": "4",
    "date": "21",
    "experience_id": "187",
    "distance": "791",
    "navigation_id": "3"
},
{
    "depart_time": "7",
    "arrival_time": "15",
    "date": "15",
    "experience_id": "188",
    "distance": "264",
    "navigation_id": "3"
},
{
    "depart_time": "0",
    "arrival_time": "5",
    "date": "3",
    "experience_id": "189",
    "distance": "694",
    "navigation_id": "1"
},
{
    "depart_time": "3",
    "arrival_time": "22",
    "date": "10",
    "experience_id": "190",
    "distance": "745",
    "navigation_id": "3"
},
{
    "depart_time": "16",
    "arrival_time": "0",
    "date": "31",
    "experience_id": "191",
    "distance": "974",
    "navigation_id": "3"
},
{
    "depart_time": "12",
    "arrival_time": "22",
    "date": "4",
    "experience_id": "192",
    "distance": "814",
    "navigation_id": "3"
},
{
    "depart_time": "0",
    "arrival_time": "1",
    "date": "7",
    "experience_id": "193",
    "distance": "853",
    "navigation_id": "2"
},
{
    "depart_time": "16",
    "arrival_time": "11",
    "date": "13",
    "experience_id": "194",
    "distance": "518",
    "navigation_id": "2"
},
{
    "depart_time": "9",
    "arrival_time": "20",
    "date": "3",
    "experience_id": "195",
    "distance": "752",
    "navigation_id": "2"
},
{
    "depart_time": "13",
    "arrival_time": "4",
    "date": "7",
    "experience_id": "196",
    "distance": "504",
    "navigation_id": "3"
},
{
    "depart_time": "21",
    "arrival_time": "18",
    "date": "8",
    "experience_id": "197",
    "distance": "923",
    "navigation_id": "3"
},
{
    "depart_time": "12",
    "arrival_time": "23",
    "date": "14",
    "experience_id": "198",
    "distance": "150",
    "navigation_id": "2"
},
{
    "depart_time": "22",
    "arrival_time": "5",
    "date": "13",
    "experience_id": "199",
    "distance": "232",
    "navigation_id": "3"
},
{
    "depart_time": "6",
    "arrival_time": "8",
    "date": "2",
    "experience_id": "200",
    "distance": "169",
    "navigation_id": "3"
},
{
    "depart_time": "20",
    "arrival_time": "6",
    "date": "22",
    "experience_id": "201",
    "distance": "706",
    "navigation_id": "2"
},
{
    "depart_time": "4",
    "arrival_time": "11",
    "date": "31",
    "experience_id": "202",
    "distance": "353",
    "navigation_id": "3"
},
{
    "depart_time": "5",
    "arrival_time": "12",
    "date": "31",
    "experience_id": "203",
    "distance": "326",
    "navigation_id": "3"
},
{
    "depart_time": "10",
    "arrival_time": "4",
    "date": "17",
    "experience_id": "204",
    "distance": "151",
    "navigation_id": "1"
},
{
    "depart_time": "7",
    "arrival_time": "2",
    "date": "19",
    "experience_id": "205",
    "distance": "701",
    "navigation_id": "3"
},
{
    "depart_time": "8",
    "arrival_time": "15",
    "date": "8",
    "experience_id": "206",
    "distance": "227",
    "navigation_id": "2"
},
{
    "depart_time": "10",
    "arrival_time": "20",
    "date": "31",
    "experience_id": "207",
    "distance": "415",
    "navigation_id": "1"
},
{
    "depart_time": "5",
    "arrival_time": "20",
    "date": "16",
    "experience_id": "208",
    "distance": "991",
    "navigation_id": "2"
},
{
    "depart_time": "8",
    "arrival_time": "7",
    "date": "16",
    "experience_id": "209",
    "distance": "592",
    "navigation_id": "2"
},
{
    "depart_time": "12",
    "arrival_time": "6",
    "date": "22",
    "experience_id": "210",
    "distance": "664",
    "navigation_id": "1"
},
{
    "depart_time": "8",
    "arrival_time": "21",
    "date": "15",
    "experience_id": "211",
    "distance": "712",
    "navigation_id": "1"
},
{
    "depart_time": "10",
    "arrival_time": "19",
    "date": "25",
    "experience_id": "212",
    "distance": "521",
    "navigation_id": "1"
},
{
    "depart_time": "13",
    "arrival_time": "2",
    "date": "25",
    "experience_id": "213",
    "distance": "640",
    "navigation_id": "3"
},
{
    "depart_time": "9",
    "arrival_time": "8",
    "date": "21",
    "experience_id": "214",
    "distance": "185",
    "navigation_id": "3"
},
{
    "depart_time": "5",
    "arrival_time": "7",
    "date": "25",
    "experience_id": "215",
    "distance": "8",
    "navigation_id": "3"
},
{
    "depart_time": "11",
    "arrival_time": "7",
    "date": "5",
    "experience_id": "216",
    "distance": "821",
    "navigation_id": "2"
},
{
    "depart_time": "16",
    "arrival_time": "14",
    "date": "28",
    "experience_id": "217",
    "distance": "694",
    "navigation_id": "3"
},
{
    "depart_time": "19",
    "arrival_time": "15",
    "date": "27",
    "experience_id": "218",
    "distance": "362",
    "navigation_id": "1"
},
{
    "depart_time": "0",
    "arrival_time": "12",
    "date": "14",
    "experience_id": "219",
    "distance": "630",
    "navigation_id": "3"
},
{
    "depart_time": "9",
    "arrival_time": "11",
    "date": "3",
    "experience_id": "220",
    "distance": "999",
    "navigation_id": "3"
},
{
    "depart_time": "20",
    "arrival_time": "22",
    "date": "4",
    "experience_id": "221",
    "distance": "779",
    "navigation_id": "2"
},
{
    "depart_time": "10",
    "arrival_time": "10",
    "date": "1",
    "experience_id": "222",
    "distance": "722",
    "navigation_id": "2"
},
{
    "depart_time": "14",
    "arrival_time": "8",
    "date": "1",
    "experience_id": "223",
    "distance": "38",
    "navigation_id": "1"
},
{
    "depart_time": "9",
    "arrival_time": "16",
    "date": "10",
    "experience_id": "224",
    "distance": "482",
    "navigation_id": "2"
},
{
    "depart_time": "19",
    "arrival_time": "16",
    "date": "1",
    "experience_id": "225",
    "distance": "22",
    "navigation_id": "1"
},
{
    "depart_time": "5",
    "arrival_time": "23",
    "date": "7",
    "experience_id": "226",
    "distance": "173",
    "navigation_id": "1"
},
{
    "depart_time": "10",
    "arrival_time": "13",
    "date": "16",
    "experience_id": "227",
    "distance": "882",
    "navigation_id": "3"
},
{
    "depart_time": "18",
    "arrival_time": "4",
    "date": "18",
    "experience_id": "228",
    "distance": "323",
    "navigation_id": "3"
},
{
    "depart_time": "14",
    "arrival_time": "5",
    "date": "11",
    "experience_id": "229",
    "distance": "41",
    "navigation_id": "1"
},
{
    "depart_time": "18",
    "arrival_time": "7",
    "date": "8",
    "experience_id": "230",
    "distance": "343",
    "navigation_id": "3"
},
{
    "depart_time": "16",
    "arrival_time": "15",
    "date": "6",
    "experience_id": "231",
    "distance": "974",
    "navigation_id": "1"
},
{
    "depart_time": "14",
    "arrival_time": "1",
    "date": "16",
    "experience_id": "232",
    "distance": "335",
    "navigation_id": "1"
},
{
    "depart_time": "20",
    "arrival_time": "19",
    "date": "17",
    "experience_id": "233",
    "distance": "129",
    "navigation_id": "1"
},
{
    "depart_time": "0",
    "arrival_time": "20",
    "date": "9",
    "experience_id": "234",
    "distance": "759",
    "navigation_id": "3"
},
{
    "depart_time": "14",
    "arrival_time": "3",
    "date": "29",
    "experience_id": "235",
    "distance": "191",
    "navigation_id": "1"
},
{
    "depart_time": "4",
    "arrival_time": "13",
    "date": "8",
    "experience_id": "236",
    "distance": "436",
    "navigation_id": "2"
},
{
    "depart_time": "3",
    "arrival_time": "7",
    "date": "1",
    "experience_id": "237",
    "distance": "124",
    "navigation_id": "2"
},
{
    "depart_time": "17",
    "arrival_time": "18",
    "date": "22",
    "experience_id": "238",
    "distance": "115",
    "navigation_id": "2"
},
{
    "depart_time": "5",
    "arrival_time": "15",
    "date": "18",
    "experience_id": "239",
    "distance": "894",
    "navigation_id": "3"
},
{
    "depart_time": "0",
    "arrival_time": "22",
    "date": "21",
    "experience_id": "240",
    "distance": "503",
    "navigation_id": "2"
},
{
    "depart_time": "22",
    "arrival_time": "6",
    "date": "15",
    "experience_id": "241",
    "distance": "540",
    "navigation_id": "1"
},
{
    "depart_time": "22",
    "arrival_time": "16",
    "date": "19",
    "experience_id": "242",
    "distance": "954",
    "navigation_id": "3"
},
{
    "depart_time": "2",
    "arrival_time": "13",
    "date": "18",
    "experience_id": "243",
    "distance": "48",
    "navigation_id": "2"
},
{
    "depart_time": "17",
    "arrival_time": "20",
    "date": "3",
    "experience_id": "244",
    "distance": "899",
    "navigation_id": "1"
},
{
    "depart_time": "11",
    "arrival_time": "18",
    "date": "12",
    "experience_id": "245",
    "distance": "571",
    "navigation_id": "3"
},
{
    "depart_time": "21",
    "arrival_time": "5",
    "date": "17",
    "experience_id": "246",
    "distance": "925",
    "navigation_id": "1"
},
{
    "depart_time": "11",
    "arrival_time": "7",
    "date": "5",
    "experience_id": "247",
    "distance": "676",
    "navigation_id": "3"
},
{
    "depart_time": "22",
    "arrival_time": "16",
    "date": "18",
    "experience_id": "248",
    "distance": "774",
    "navigation_id": "1"
},
{
    "depart_time": "16",
    "arrival_time": "22",
    "date": "15",
    "experience_id": "249",
    "distance": "629",
    "navigation_id": "3"
},
{
    "depart_time": "16",
    "arrival_time": "5",
    "date": "7",
    "experience_id": "250",
    "distance": "298",
    "navigation_id": "3"
},
{
    "depart_time": "10",
    "arrival_time": "13",
    "date": "16",
    "experience_id": "251",
    "distance": "806",
    "navigation_id": "2"
},
{
    "depart_time": "7",
    "arrival_time": "22",
    "date": "21",
    "experience_id": "252",
    "distance": "541",
    "navigation_id": "3"
},
{
    "depart_time": "0",
    "arrival_time": "21",
    "date": "14",
    "experience_id": "253",
    "distance": "537",
    "navigation_id": "2"
},
{
    "depart_time": "2",
    "arrival_time": "12",
    "date": "8",
    "experience_id": "254",
    "distance": "694",
    "navigation_id": "3"
},
{
    "depart_time": "13",
    "arrival_time": "14",
    "date": "12",
    "experience_id": "255",
    "distance": "80",
    "navigation_id": "1"
},
{
    "depart_time": "0",
    "arrival_time": "8",
    "date": "20",
    "experience_id": "256",
    "distance": "75",
    "navigation_id": "2"
},
{
    "depart_time": "10",
    "arrival_time": "13",
    "date": "15",
    "experience_id": "257",
    "distance": "673",
    "navigation_id": "3"
},
{
    "depart_time": "20",
    "arrival_time": "6",
    "date": "27",
    "experience_id": "258",
    "distance": "504",
    "navigation_id": "3"
},
{
    "depart_time": "2",
    "arrival_time": "18",
    "date": "15",
    "experience_id": "259",
    "distance": "59",
    "navigation_id": "3"
},
{
    "depart_time": "7",
    "arrival_time": "22",
    "date": "23",
    "experience_id": "260",
    "distance": "739",
    "navigation_id": "2"
},
{
    "depart_time": "14",
    "arrival_time": "6",
    "date": "20",
    "experience_id": "261",
    "distance": "338",
    "navigation_id": "3"
},
{
    "depart_time": "21",
    "arrival_time": "1",
    "date": "22",
    "experience_id": "262",
    "distance": "282",
    "navigation_id": "1"
},
{
    "depart_time": "18",
    "arrival_time": "20",
    "date": "28",
    "experience_id": "263",
    "distance": "991",
    "navigation_id": "1"
},
{
    "depart_time": "7",
    "arrival_time": "19",
    "date": "2",
    "experience_id": "264",
    "distance": "813",
    "navigation_id": "3"
},
{
    "depart_time": "7",
    "arrival_time": "15",
    "date": "10",
    "experience_id": "265",
    "distance": "582",
    "navigation_id": "1"
},
{
    "depart_time": "8",
    "arrival_time": "15",
    "date": "6",
    "experience_id": "266",
    "distance": "945",
    "navigation_id": "1"
},
{
    "depart_time": "5",
    "arrival_time": "12",
    "date": "28",
    "experience_id": "267",
    "distance": "888",
    "navigation_id": "3"
},
{
    "depart_time": "5",
    "arrival_time": "19",
    "date": "14",
    "experience_id": "268",
    "distance": "692",
    "navigation_id": "1"
},
{
    "depart_time": "17",
    "arrival_time": "2",
    "date": "11",
    "experience_id": "269",
    "distance": "424",
    "navigation_id": "1"
},
{
    "depart_time": "4",
    "arrival_time": "16",
    "date": "29",
    "experience_id": "270",
    "distance": "547",
    "navigation_id": "3"
},
{
    "depart_time": "1",
    "arrival_time": "11",
    "date": "10",
    "experience_id": "271",
    "distance": "965",
    "navigation_id": "3"
},
{
    "depart_time": "21",
    "arrival_time": "12",
    "date": "31",
    "experience_id": "272",
    "distance": "412",
    "navigation_id": "1"
},
{
    "depart_time": "2",
    "arrival_time": "6",
    "date": "1",
    "experience_id": "273",
    "distance": "274",
    "navigation_id": "2"
},
{
    "depart_time": "21",
    "arrival_time": "11",
    "date": "22",
    "experience_id": "274",
    "distance": "21",
    "navigation_id": "1"
},
{
    "depart_time": "2",
    "arrival_time": "8",
    "date": "14",
    "experience_id": "275",
    "distance": "133",
    "navigation_id": "2"
},
{
    "depart_time": "12",
    "arrival_time": "9",
    "date": "13",
    "experience_id": "276",
    "distance": "840",
    "navigation_id": "1"
},
{
    "depart_time": "12",
    "arrival_time": "13",
    "date": "9",
    "experience_id": "277",
    "distance": "719",
    "navigation_id": "3"
},
{
    "depart_time": "13",
    "arrival_time": "14",
    "date": "11",
    "experience_id": "278",
    "distance": "804",
    "navigation_id": "1"
},
{
    "depart_time": "20",
    "arrival_time": "0",
    "date": "21",
    "experience_id": "279",
    "distance": "240",
    "navigation_id": "1"
},
{
    "depart_time": "5",
    "arrival_time": "14",
    "date": "10",
    "experience_id": "280",
    "distance": "732",
    "navigation_id": "3"
},
{
    "depart_time": "12",
    "arrival_time": "6",
    "date": "29",
    "experience_id": "281",
    "distance": "738",
    "navigation_id": "3"
},
{
    "depart_time": "11",
    "arrival_time": "13",
    "date": "14",
    "experience_id": "282",
    "distance": "492",
    "navigation_id": "1"
},
{
    "depart_time": "3",
    "arrival_time": "10",
    "date": "23",
    "experience_id": "283",
    "distance": "327",
    "navigation_id": "2"
},
{
    "depart_time": "5",
    "arrival_time": "17",
    "date": "3",
    "experience_id": "284",
    "distance": "191",
    "navigation_id": "3"
},
{
    "depart_time": "22",
    "arrival_time": "14",
    "date": "6",
    "experience_id": "285",
    "distance": "134",
    "navigation_id": "1"
},
{
    "depart_time": "2",
    "arrival_time": "6",
    "date": "2",
    "experience_id": "286",
    "distance": "381",
    "navigation_id": "3"
},
{
    "depart_time": "17",
    "arrival_time": "7",
    "date": "13",
    "experience_id": "287",
    "distance": "60",
    "navigation_id": "1"
},
{
    "depart_time": "7",
    "arrival_time": "4",
    "date": "2",
    "experience_id": "288",
    "distance": "626",
    "navigation_id": "1"
},
{
    "depart_time": "6",
    "arrival_time": "4",
    "date": "6",
    "experience_id": "289",
    "distance": "324",
    "navigation_id": "1"
},
{
    "depart_time": "11",
    "arrival_time": "3",
    "date": "8",
    "experience_id": "290",
    "distance": "769",
    "navigation_id": "1"
},
{
    "depart_time": "9",
    "arrival_time": "12",
    "date": "15",
    "experience_id": "291",
    "distance": "703",
    "navigation_id": "1"
},
{
    "depart_time": "15",
    "arrival_time": "19",
    "date": "2",
    "experience_id": "292",
    "distance": "835",
    "navigation_id": "1"
},
{
    "depart_time": "15",
    "arrival_time": "5",
    "date": "3",
    "experience_id": "293",
    "distance": "713",
    "navigation_id": "2"
},
{
    "depart_time": "15",
    "arrival_time": "5",
    "date": "5",
    "experience_id": "294",
    "distance": "44",
    "navigation_id": "3"
},
{
    "depart_time": "19",
    "arrival_time": "16",
    "date": "1",
    "experience_id": "295",
    "distance": "58",
    "navigation_id": "1"
},
{
    "depart_time": "21",
    "arrival_time": "19",
    "date": "10",
    "experience_id": "296",
    "distance": "132",
    "navigation_id": "3"
},
{
    "depart_time": "9",
    "arrival_time": "16",
    "date": "11",
    "experience_id": "297",
    "distance": "556",
    "navigation_id": "3"
},
{
    "depart_time": "5",
    "arrival_time": "18",
    "date": "9",
    "experience_id": "298",
    "distance": "969",
    "navigation_id": "1"
},
{
    "depart_time": "8",
    "arrival_time": "12",
    "date": "20",
    "experience_id": "299",
    "distance": "586",
    "navigation_id": "1"
},
{
    "depart_time": "9",
    "arrival_time": "21",
    "date": "11",
    "experience_id": "300",
    "distance": "953",
    "navigation_id": "3"
},
{
    "depart_time": "22",
    "arrival_time": "10",
    "date": "12",
    "experience_id": "301",
    "distance": "545",
    "navigation_id": "2"
}
]

}
