-- phpMyAdmin SQL Dump
-- version 5.2.1
-- https://www.phpmyadmin.net/
--
-- Host: 127.0.0.1:3306
-- Generation Time: May 09, 2024 at 09:19 AM
-- Server version: 8.0.29
-- PHP Version: 8.2.18

SET SQL_MODE = "NO_AUTO_VALUE_ON_ZERO";
START TRANSACTION;
SET time_zone = "+00:00";


/*!40101 SET @OLD_CHARACTER_SET_CLIENT=@@CHARACTER_SET_CLIENT */;
/*!40101 SET @OLD_CHARACTER_SET_RESULTS=@@CHARACTER_SET_RESULTS */;
/*!40101 SET @OLD_COLLATION_CONNECTION=@@COLLATION_CONNECTION */;
/*!40101 SET NAMES utf8mb4 */;

--
-- Database: `final_project`
--

-- --------------------------------------------------------

--
-- Table structure for table `experience`
--

DROP TABLE IF EXISTS `experience`;
CREATE TABLE IF NOT EXISTS `experience` (
  `depart_time` int NOT NULL,
  `arrival_time` int NOT NULL,
  `date` int NOT NULL,
  `experience_id` int NOT NULL,
  `distance` int NOT NULL,
  `navigation_id` int NOT NULL,
  PRIMARY KEY (`experience_id`),
  KEY `navigation_id` (`navigation_id`)
) ENGINE=InnoDB DEFAULT CHARSET=utf8mb4 COLLATE=utf8mb4_0900_ai_ci;

--
-- Dumping data for table `experience`
--

INSERT INTO `experience` (`depart_time`, `arrival_time`, `date`, `experience_id`, `distance`, `navigation_id`) VALUES
(14, 19, 11, 1, 21, 1),
(14, 4, 1, 2, 629, 1),
(8, 16, 9, 3, 329, 3),
(4, 12, 29, 4, 8, 1),
(15, 4, 3, 5, 766, 2),
(18, 0, 27, 6, 150, 1),
(12, 1, 23, 7, 379, 3),
(16, 2, 14, 8, 950, 2),
(4, 18, 7, 9, 825, 2),
(19, 16, 1, 10, 74, 1),
(3, 23, 11, 11, 849, 1),
(10, 15, 29, 12, 673, 2),
(21, 16, 25, 13, 892, 1),
(17, 10, 30, 14, 518, 3),
(22, 14, 9, 15, 507, 3),
(1, 3, 16, 16, 44, 3),
(16, 1, 10, 17, 339, 3),
(21, 2, 26, 18, 856, 3),
(9, 13, 18, 19, 256, 2),
(22, 3, 25, 20, 566, 2),
(14, 13, 3, 21, 729, 2),
(17, 11, 8, 22, 741, 3),
(17, 16, 6, 23, 845, 3),
(0, 22, 21, 24, 448, 1),
(1, 12, 15, 25, 677, 1),
(0, 0, 5, 26, 677, 3),
(12, 19, 18, 27, 352, 1),
(8, 12, 16, 28, 25, 2),
(20, 12, 4, 29, 892, 1),
(3, 4, 16, 30, 973, 2),
(20, 6, 26, 31, 249, 3),
(3, 9, 17, 32, 436, 2),
(18, 23, 17, 33, 760, 1),
(18, 6, 2, 34, 399, 3),
(1, 18, 21, 35, 995, 3),
(22, 19, 8, 36, 725, 3),
(9, 4, 25, 37, 334, 2),
(16, 9, 29, 38, 432, 2),
(16, 4, 28, 39, 955, 1),
(12, 7, 30, 40, 879, 2),
(1, 18, 20, 41, 870, 2),
(13, 10, 16, 42, 262, 3),
(3, 8, 9, 43, 353, 3),
(16, 13, 25, 44, 239, 3),
(10, 17, 9, 45, 182, 1),
(23, 15, 8, 46, 276, 2),
(10, 7, 6, 47, 972, 1),
(16, 11, 13, 48, 595, 3),
(19, 21, 1, 49, 413, 1),
(20, 5, 17, 50, 961, 1),
(7, 20, 9, 51, 866, 2),
(20, 20, 22, 52, 833, 1),
(3, 7, 3, 53, 454, 1),
(23, 17, 22, 54, 321, 2),
(12, 0, 21, 55, 253, 1),
(11, 16, 31, 56, 836, 1),
(16, 19, 27, 57, 864, 3),
(7, 4, 31, 58, 421, 1),
(8, 11, 8, 59, 805, 1),
(1, 11, 7, 60, 538, 1),
(20, 0, 18, 61, 772, 1),
(8, 10, 3, 62, 132, 2),
(13, 14, 9, 63, 654, 2),
(3, 11, 28, 64, 50, 2),
(18, 1, 3, 65, 203, 3),
(4, 15, 19, 66, 96, 3),
(4, 19, 19, 67, 558, 3),
(2, 17, 11, 68, 492, 2),
(15, 0, 2, 69, 177, 3),
(8, 11, 9, 70, 963, 3),
(1, 7, 15, 71, 335, 1),
(9, 5, 26, 72, 460, 3),
(20, 17, 5, 73, 439, 3),
(16, 0, 31, 74, 911, 2),
(6, 12, 25, 75, 435, 3),
(14, 18, 29, 76, 325, 3),
(8, 4, 25, 77, 504, 1),
(0, 19, 3, 78, 841, 1),
(11, 10, 23, 79, 364, 2),
(22, 21, 23, 80, 819, 3),
(9, 23, 25, 81, 944, 2),
(2, 9, 21, 82, 72, 2),
(18, 17, 10, 83, 338, 3),
(19, 20, 24, 84, 305, 1),
(2, 23, 18, 85, 907, 3),
(8, 7, 16, 86, 633, 2),
(4, 3, 5, 87, 248, 3),
(9, 9, 29, 88, 364, 1),
(5, 0, 13, 89, 950, 2),
(18, 8, 11, 90, 736, 2),
(22, 17, 29, 91, 319, 3),
(10, 14, 23, 92, 779, 3),
(6, 3, 1, 93, 617, 1),
(6, 6, 16, 94, 689, 3),
(18, 23, 16, 95, 594, 2),
(14, 15, 13, 96, 127, 2),
(12, 10, 22, 97, 79, 2),
(11, 9, 16, 98, 362, 1),
(8, 21, 16, 99, 750, 1),
(0, 9, 30, 100, 487, 2),
(13, 0, 12, 101, 756, 3),
(6, 6, 14, 102, 412, 3),
(13, 13, 3, 103, 788, 2),
(22, 17, 23, 104, 550, 2),
(1, 16, 11, 105, 501, 2),
(4, 7, 3, 106, 479, 1),
(2, 4, 22, 107, 881, 1),
(22, 16, 22, 108, 381, 3),
(23, 12, 16, 109, 71, 3),
(20, 18, 9, 110, 139, 3),
(19, 12, 3, 111, 921, 2),
(0, 22, 23, 112, 852, 1),
(15, 2, 20, 113, 739, 3),
(1, 17, 13, 114, 812, 3),
(1, 12, 17, 115, 124, 3),
(12, 17, 30, 116, 697, 2),
(20, 10, 22, 117, 77, 2),
(12, 12, 4, 118, 997, 2),
(3, 20, 27, 119, 705, 3),
(15, 10, 6, 120, 524, 1),
(2, 4, 20, 121, 584, 1),
(6, 9, 4, 122, 415, 3),
(8, 15, 3, 123, 493, 1),
(16, 18, 25, 124, 580, 2),
(1, 15, 31, 125, 954, 3),
(10, 15, 29, 126, 650, 2),
(11, 22, 9, 127, 501, 3),
(1, 3, 17, 128, 200, 2),
(13, 12, 31, 129, 355, 3),
(21, 2, 26, 130, 812, 2),
(12, 19, 17, 131, 168, 1),
(20, 12, 1, 132, 524, 2),
(5, 11, 23, 133, 221, 3),
(19, 8, 13, 134, 942, 2),
(14, 11, 22, 135, 48, 1),
(11, 22, 13, 136, 107, 2),
(9, 0, 28, 137, 409, 2),
(12, 14, 13, 138, 235, 3),
(1, 11, 7, 139, 589, 1),
(20, 5, 21, 140, 625, 1),
(18, 9, 20, 141, 72, 2),
(23, 13, 25, 142, 373, 2),
(5, 16, 22, 143, 485, 1),
(4, 0, 17, 144, 577, 1),
(16, 15, 5, 145, 719, 1),
(20, 15, 23, 146, 630, 3),
(1, 9, 22, 147, 390, 3),
(22, 6, 17, 148, 847, 2),
(14, 2, 26, 149, 704, 1),
(6, 1, 18, 150, 636, 2),
(11, 22, 8, 151, 414, 2),
(11, 10, 23, 152, 295, 1),
(14, 5, 6, 153, 305, 3),
(21, 13, 6, 154, 114, 1),
(1, 3, 16, 155, 5, 2),
(19, 7, 6, 156, 946, 1),
(2, 0, 26, 157, 997, 2),
(14, 11, 18, 158, 443, 2),
(2, 1, 29, 159, 497, 3),
(0, 1, 10, 160, 222, 1),
(11, 16, 3, 161, 345, 2),
(5, 17, 1, 162, 890, 2),
(7, 9, 3, 163, 167, 2),
(12, 17, 5, 164, 577, 2),
(8, 11, 12, 165, 440, 1),
(0, 21, 14, 166, 520, 1),
(18, 0, 26, 167, 979, 2),
(10, 19, 21, 168, 883, 2),
(14, 15, 16, 169, 463, 3),
(21, 20, 20, 170, 517, 3),
(3, 12, 8, 171, 527, 3),
(4, 1, 25, 172, 685, 1),
(10, 19, 24, 173, 433, 3),
(23, 9, 31, 174, 715, 2),
(1, 10, 28, 175, 192, 1),
(21, 12, 31, 176, 386, 3),
(14, 3, 28, 177, 14, 2),
(1, 0, 1, 178, 983, 3),
(7, 0, 6, 179, 839, 2),
(16, 13, 21, 180, 643, 1),
(6, 16, 18, 181, 722, 3),
(14, 5, 10, 182, 840, 1),
(20, 11, 23, 183, 266, 1),
(22, 4, 6, 184, 272, 3),
(11, 20, 28, 185, 792, 1),
(5, 3, 5, 186, 240, 3),
(2, 4, 21, 187, 791, 3),
(7, 15, 15, 188, 264, 3),
(0, 5, 3, 189, 694, 1),
(3, 22, 10, 190, 745, 3),
(16, 0, 31, 191, 974, 3),
(12, 22, 4, 192, 814, 3),
(0, 1, 7, 193, 853, 2),
(16, 11, 13, 194, 518, 2),
(9, 20, 3, 195, 752, 2),
(13, 4, 7, 196, 504, 3),
(21, 18, 8, 197, 923, 3),
(12, 23, 14, 198, 150, 2),
(22, 5, 13, 199, 232, 3),
(6, 8, 2, 200, 169, 3),
(20, 6, 22, 201, 706, 2),
(4, 11, 31, 202, 353, 3),
(5, 12, 31, 203, 326, 3),
(10, 4, 17, 204, 151, 1),
(7, 2, 19, 205, 701, 3),
(8, 15, 8, 206, 227, 2),
(10, 20, 31, 207, 415, 1),
(5, 20, 16, 208, 991, 2),
(8, 7, 16, 209, 592, 2),
(12, 6, 22, 210, 664, 1),
(8, 21, 15, 211, 712, 1),
(10, 19, 25, 212, 521, 1),
(13, 2, 25, 213, 640, 3),
(9, 8, 21, 214, 185, 3),
(5, 7, 25, 215, 8, 3),
(11, 7, 5, 216, 821, 2),
(16, 14, 28, 217, 694, 3),
(19, 15, 27, 218, 362, 1),
(0, 12, 14, 219, 630, 3),
(9, 11, 3, 220, 999, 3),
(20, 22, 4, 221, 779, 2),
(10, 10, 1, 222, 722, 2),
(14, 8, 1, 223, 38, 1),
(9, 16, 10, 224, 482, 2),
(19, 16, 1, 225, 22, 1),
(5, 23, 7, 226, 173, 1),
(10, 13, 16, 227, 882, 3),
(18, 4, 18, 228, 323, 3),
(14, 5, 11, 229, 41, 1),
(18, 7, 8, 230, 343, 3),
(16, 15, 6, 231, 974, 1),
(14, 1, 16, 232, 335, 1),
(20, 19, 17, 233, 129, 1),
(0, 20, 9, 234, 759, 3),
(14, 3, 29, 235, 191, 1),
(4, 13, 8, 236, 436, 2),
(3, 7, 1, 237, 124, 2),
(17, 18, 22, 238, 115, 2),
(5, 15, 18, 239, 894, 3),
(0, 22, 21, 240, 503, 2),
(22, 6, 15, 241, 540, 1),
(22, 16, 19, 242, 954, 3),
(2, 13, 18, 243, 48, 2),
(17, 20, 3, 244, 899, 1),
(11, 18, 12, 245, 571, 3),
(21, 5, 17, 246, 925, 1),
(11, 7, 5, 247, 676, 3),
(22, 16, 18, 248, 774, 1),
(16, 22, 15, 249, 629, 3),
(16, 5, 7, 250, 298, 3),
(10, 13, 16, 251, 806, 2),
(7, 22, 21, 252, 541, 3),
(0, 21, 14, 253, 537, 2),
(2, 12, 8, 254, 694, 3),
(13, 14, 12, 255, 80, 1),
(0, 8, 20, 256, 75, 2),
(10, 13, 15, 257, 673, 3),
(20, 6, 27, 258, 504, 3),
(2, 18, 15, 259, 59, 3),
(7, 22, 23, 260, 739, 2),
(14, 6, 20, 261, 338, 3),
(21, 1, 22, 262, 282, 1),
(18, 20, 28, 263, 991, 1),
(7, 19, 2, 264, 813, 3),
(7, 15, 10, 265, 582, 1),
(8, 15, 6, 266, 945, 1),
(5, 12, 28, 267, 888, 3),
(5, 19, 14, 268, 692, 1),
(17, 2, 11, 269, 424, 1),
(4, 16, 29, 270, 547, 3),
(1, 11, 10, 271, 965, 3),
(21, 12, 31, 272, 412, 1),
(2, 6, 1, 273, 274, 2),
(21, 11, 22, 274, 21, 1),
(2, 8, 14, 275, 133, 2),
(12, 9, 13, 276, 840, 1),
(12, 13, 9, 277, 719, 3),
(13, 14, 11, 278, 804, 1),
(20, 0, 21, 279, 240, 1),
(5, 14, 10, 280, 732, 3),
(12, 6, 29, 281, 738, 3),
(11, 13, 14, 282, 492, 1),
(3, 10, 23, 283, 327, 2),
(5, 17, 3, 284, 191, 3),
(22, 14, 6, 285, 134, 1),
(2, 6, 2, 286, 381, 3),
(17, 7, 13, 287, 60, 1),
(7, 4, 2, 288, 626, 1),
(6, 4, 6, 289, 324, 1),
(11, 3, 8, 290, 769, 1),
(9, 12, 15, 291, 703, 1),
(15, 19, 2, 292, 835, 1),
(15, 5, 3, 293, 713, 2),
(15, 5, 5, 294, 44, 3),
(19, 16, 1, 295, 58, 1),
(21, 19, 10, 296, 132, 3),
(9, 16, 11, 297, 556, 3),
(5, 18, 9, 298, 969, 1),
(8, 12, 20, 299, 586, 1),
(9, 21, 11, 300, 953, 3),
(22, 10, 12, 301, 545, 2);

-- --------------------------------------------------------

--
-- Table structure for table `experience_maneuver`
--

DROP TABLE IF EXISTS `experience_maneuver`;
CREATE TABLE IF NOT EXISTS `experience_maneuver` (
  `experience_id` int NOT NULL,
  `maneuver_id` int NOT NULL,
  PRIMARY KEY (`experience_id`,`maneuver_id`),
  KEY `maneuver_id` (`maneuver_id`)
) ENGINE=InnoDB DEFAULT CHARSET=utf8mb4 COLLATE=utf8mb4_0900_ai_ci;

--
-- Dumping data for table `experience_maneuver`
--

INSERT INTO `experience_maneuver` (`experience_id`, `maneuver_id`) VALUES
(1, 1),
(2, 1),
(9, 1),
(12, 1),
(15, 1),
(19, 1),
(20, 1),
(21, 1),
(23, 1),
(25, 1),
(27, 1),
(31, 1),
(38, 1),
(41, 1),
(46, 1),
(50, 1),
(58, 1),
(65, 1),
(66, 1),
(74, 1),
(75, 1),
(80, 1),
(89, 1),
(96, 1),
(101, 1),
(111, 1),
(112, 1),
(120, 1),
(128, 1),
(132, 1),
(139, 1),
(141, 1),
(143, 1),
(149, 1),
(151, 1),
(162, 1),
(169, 1),
(180, 1),
(186, 1),
(188, 1),
(189, 1),
(193, 1),
(195, 1),
(198, 1),
(201, 1),
(202, 1),
(204, 1),
(206, 1),
(207, 1),
(209, 1),
(217, 1),
(225, 1),
(227, 1),
(247, 1),
(252, 1),
(258, 1),
(262, 1),
(266, 1),
(276, 1),
(278, 1),
(290, 1),
(291, 1),
(2, 2),
(3, 2),
(5, 2),
(18, 2),
(20, 2),
(23, 2),
(24, 2),
(28, 2),
(29, 2),
(32, 2),
(39, 2),
(40, 2),
(48, 2),
(55, 2),
(56, 2),
(59, 2),
(60, 2),
(61, 2),
(70, 2),
(75, 2),
(82, 2),
(90, 2),
(95, 2),
(96, 2),
(100, 2),
(101, 2),
(106, 2),
(111, 2),
(117, 2),
(120, 2),
(123, 2),
(129, 2),
(131, 2),
(134, 2),
(137, 2),
(139, 2),
(147, 2),
(150, 2),
(172, 2),
(186, 2),
(189, 2),
(192, 2),
(203, 2),
(204, 2),
(205, 2),
(212, 2),
(218, 2),
(220, 2),
(224, 2),
(226, 2),
(229, 2),
(230, 2),
(238, 2),
(242, 2),
(259, 2),
(265, 2),
(271, 2),
(278, 2),
(279, 2),
(282, 2),
(286, 2),
(1, 3),
(5, 3),
(10, 3),
(12, 3),
(16, 3),
(17, 3),
(18, 3),
(19, 3),
(25, 3),
(26, 3),
(27, 3),
(29, 3),
(39, 3),
(41, 3),
(47, 3),
(49, 3),
(50, 3),
(54, 3),
(63, 3),
(73, 3),
(77, 3),
(80, 3),
(83, 3),
(95, 3),
(106, 3),
(109, 3),
(112, 3),
(123, 3),
(126, 3),
(135, 3),
(138, 3),
(140, 3),
(142, 3),
(144, 3),
(145, 3),
(151, 3),
(156, 3),
(159, 3),
(166, 3),
(170, 3),
(177, 3),
(181, 3),
(187, 3),
(188, 3),
(192, 3),
(196, 3),
(202, 3),
(208, 3),
(220, 3),
(223, 3),
(225, 3),
(229, 3),
(234, 3),
(235, 3),
(243, 3),
(244, 3),
(251, 3),
(252, 3),
(254, 3),
(258, 3),
(260, 3),
(261, 3),
(265, 3),
(273, 3),
(279, 3),
(280, 3),
(281, 3),
(282, 3),
(291, 3),
(297, 3),
(301, 3),
(4, 4),
(8, 4),
(10, 4),
(14, 4),
(32, 4),
(40, 4),
(43, 4),
(45, 4),
(46, 4),
(48, 4),
(51, 4),
(53, 4),
(54, 4),
(63, 4),
(71, 4),
(72, 4),
(73, 4),
(82, 4),
(92, 4),
(117, 4),
(119, 4),
(127, 4),
(130, 4),
(131, 4),
(132, 4),
(133, 4),
(136, 4),
(147, 4),
(148, 4),
(149, 4),
(150, 4),
(152, 4),
(155, 4),
(166, 4),
(176, 4),
(207, 4),
(210, 4),
(231, 4),
(242, 4),
(246, 4),
(248, 4),
(254, 4),
(256, 4),
(257, 4),
(261, 4),
(262, 4),
(269, 4),
(270, 4),
(280, 4),
(283, 4),
(284, 4),
(293, 4),
(296, 4),
(297, 4),
(298, 4),
(300, 4),
(4, 5),
(13, 5),
(16, 5),
(17, 5),
(21, 5),
(24, 5),
(28, 5),
(31, 5),
(38, 5),
(47, 5),
(53, 5),
(58, 5),
(62, 5),
(71, 5),
(76, 5),
(79, 5),
(81, 5),
(86, 5),
(91, 5),
(92, 5),
(99, 5),
(103, 5),
(113, 5),
(116, 5),
(127, 5),
(130, 5),
(137, 5),
(143, 5),
(144, 5),
(145, 5),
(146, 5),
(152, 5),
(155, 5),
(156, 5),
(159, 5),
(164, 5),
(169, 5),
(170, 5),
(173, 5),
(176, 5),
(179, 5),
(182, 5),
(193, 5),
(195, 5),
(197, 5),
(201, 5),
(210, 5),
(212, 5),
(215, 5),
(217, 5),
(226, 5),
(227, 5),
(230, 5),
(234, 5),
(241, 5),
(244, 5),
(247, 5),
(256, 5),
(257, 5),
(259, 5),
(260, 5),
(264, 5),
(273, 5),
(274, 5),
(281, 5),
(284, 5),
(285, 5),
(290, 5),
(292, 5),
(293, 5),
(296, 5),
(300, 5);

-- --------------------------------------------------------

--
-- Table structure for table `experience_road`
--

DROP TABLE IF EXISTS `experience_road`;
CREATE TABLE IF NOT EXISTS `experience_road` (
  `experience_id` int NOT NULL,
  `road_id` int NOT NULL,
  PRIMARY KEY (`experience_id`,`road_id`),
  KEY `road_id` (`road_id`)
) ENGINE=InnoDB DEFAULT CHARSET=utf8mb4 COLLATE=utf8mb4_0900_ai_ci;

--
-- Dumping data for table `experience_road`
--

INSERT INTO `experience_road` (`experience_id`, `road_id`) VALUES
(1, 1),
(6, 1),
(7, 1),
(8, 1),
(9, 1),
(13, 1),
(18, 1),
(23, 1),
(26, 1),
(32, 1),
(40, 1),
(43, 1),
(45, 1),
(46, 1),
(47, 1),
(49, 1),
(50, 1),
(55, 1),
(63, 1),
(65, 1),
(66, 1),
(75, 1),
(76, 1),
(77, 1),
(81, 1),
(84, 1),
(85, 1),
(87, 1),
(88, 1),
(96, 1),
(100, 1),
(104, 1),
(106, 1),
(107, 1),
(108, 1),
(111, 1),
(114, 1),
(117, 1),
(121, 1),
(122, 1),
(125, 1),
(128, 1),
(130, 1),
(138, 1),
(146, 1),
(148, 1),
(150, 1),
(156, 1),
(158, 1),
(163, 1),
(166, 1),
(173, 1),
(174, 1),
(182, 1),
(183, 1),
(186, 1),
(187, 1),
(188, 1),
(192, 1),
(193, 1),
(194, 1),
(200, 1),
(204, 1),
(208, 1),
(213, 1),
(218, 1),
(222, 1),
(224, 1),
(227, 1),
(230, 1),
(231, 1),
(232, 1),
(235, 1),
(236, 1),
(238, 1),
(245, 1),
(254, 1),
(266, 1),
(275, 1),
(280, 1),
(283, 1),
(287, 1),
(288, 1),
(300, 1),
(301, 1),
(1, 2),
(3, 2),
(9, 2),
(10, 2),
(15, 2),
(18, 2),
(19, 2),
(22, 2),
(29, 2),
(38, 2),
(40, 2),
(44, 2),
(52, 2),
(53, 2),
(55, 2),
(56, 2),
(58, 2),
(59, 2),
(61, 2),
(63, 2),
(66, 2),
(67, 2),
(69, 2),
(70, 2),
(71, 2),
(73, 2),
(74, 2),
(78, 2),
(79, 2),
(85, 2),
(86, 2),
(89, 2),
(90, 2),
(92, 2),
(93, 2),
(98, 2),
(109, 2),
(113, 2),
(117, 2),
(118, 2),
(120, 2),
(121, 2),
(123, 2),
(124, 2),
(129, 2),
(133, 2),
(140, 2),
(150, 2),
(151, 2),
(152, 2),
(155, 2),
(157, 2),
(158, 2),
(160, 2),
(161, 2),
(163, 2),
(171, 2),
(172, 2),
(176, 2),
(177, 2),
(179, 2),
(190, 2),
(193, 2),
(195, 2),
(197, 2),
(201, 2),
(202, 2),
(207, 2),
(209, 2),
(211, 2),
(212, 2),
(216, 2),
(218, 2),
(219, 2),
(221, 2),
(229, 2),
(233, 2),
(237, 2),
(238, 2),
(244, 2),
(246, 2),
(247, 2),
(252, 2),
(255, 2),
(256, 2),
(261, 2),
(264, 2),
(266, 2),
(267, 2),
(268, 2),
(269, 2),
(271, 2),
(273, 2),
(277, 2),
(286, 2),
(289, 2),
(290, 2),
(291, 2),
(295, 2),
(299, 2),
(301, 2),
(5, 3),
(6, 3),
(11, 3),
(12, 3),
(15, 3),
(17, 3),
(20, 3),
(21, 3),
(22, 3),
(27, 3),
(29, 3),
(30, 3),
(45, 3),
(47, 3),
(48, 3),
(50, 3),
(51, 3),
(54, 3),
(61, 3),
(62, 3),
(72, 3),
(78, 3),
(82, 3),
(83, 3),
(95, 3),
(105, 3),
(112, 3),
(114, 3),
(116, 3),
(125, 3),
(127, 3),
(130, 3),
(131, 3),
(132, 3),
(134, 3),
(138, 3),
(141, 3),
(143, 3),
(144, 3),
(145, 3),
(146, 3),
(151, 3),
(152, 3),
(156, 3),
(159, 3),
(165, 3),
(166, 3),
(169, 3),
(170, 3),
(174, 3),
(175, 3),
(180, 3),
(181, 3),
(191, 3),
(196, 3),
(198, 3),
(201, 3),
(202, 3),
(204, 3),
(205, 3),
(214, 3),
(215, 3),
(217, 3),
(226, 3),
(235, 3),
(236, 3),
(242, 3),
(244, 3),
(245, 3),
(246, 3),
(248, 3),
(249, 3),
(251, 3),
(252, 3),
(260, 3),
(262, 3),
(265, 3),
(270, 3),
(276, 3),
(279, 3),
(282, 3),
(286, 3),
(288, 3),
(293, 3),
(294, 3),
(296, 3),
(4, 4),
(10, 4),
(14, 4),
(16, 4),
(17, 4),
(19, 4),
(24, 4),
(28, 4),
(30, 4),
(34, 4),
(35, 4),
(36, 4),
(37, 4),
(41, 4),
(42, 4),
(43, 4),
(48, 4),
(52, 4),
(54, 4),
(57, 4),
(59, 4),
(62, 4),
(65, 4),
(68, 4),
(70, 4),
(73, 4),
(74, 4),
(76, 4),
(77, 4),
(80, 4),
(81, 4),
(82, 4),
(84, 4),
(86, 4),
(91, 4),
(93, 4),
(94, 4),
(97, 4),
(99, 4),
(100, 4),
(104, 4),
(105, 4),
(111, 4),
(115, 4),
(119, 4),
(124, 4),
(127, 4),
(131, 4),
(132, 4),
(135, 4),
(136, 4),
(137, 4),
(139, 4),
(141, 4),
(143, 4),
(147, 4),
(149, 4),
(153, 4),
(154, 4),
(155, 4),
(160, 4),
(161, 4),
(162, 4),
(164, 4),
(165, 4),
(168, 4),
(169, 4),
(172, 4),
(173, 4),
(176, 4),
(182, 4),
(183, 4),
(184, 4),
(185, 4),
(189, 4),
(192, 4),
(196, 4),
(199, 4),
(200, 4),
(203, 4),
(206, 4),
(210, 4),
(213, 4),
(215, 4),
(216, 4),
(217, 4),
(221, 4),
(222, 4),
(224, 4),
(227, 4),
(228, 4),
(229, 4),
(231, 4),
(239, 4),
(243, 4),
(248, 4),
(256, 4),
(259, 4),
(260, 4),
(261, 4),
(263, 4),
(270, 4),
(272, 4),
(276, 4),
(278, 4),
(281, 4),
(283, 4),
(285, 4),
(296, 4),
(297, 4),
(299, 4),
(2, 5),
(7, 5),
(8, 5),
(12, 5),
(14, 5),
(21, 5),
(25, 5),
(27, 5),
(28, 5),
(31, 5),
(33, 5),
(37, 5),
(39, 5),
(42, 5),
(51, 5),
(53, 5),
(56, 5),
(57, 5),
(58, 5),
(60, 5),
(64, 5),
(68, 5),
(79, 5),
(80, 5),
(83, 5),
(88, 5),
(101, 5),
(102, 5),
(103, 5),
(108, 5),
(110, 5),
(115, 5),
(120, 5),
(126, 5),
(139, 5),
(142, 5),
(144, 5),
(154, 5),
(167, 5),
(168, 5),
(171, 5),
(178, 5),
(185, 5),
(186, 5),
(190, 5),
(191, 5),
(195, 5),
(198, 5),
(207, 5),
(209, 5),
(212, 5),
(214, 5),
(220, 5),
(223, 5),
(225, 5),
(232, 5),
(234, 5),
(237, 5),
(240, 5),
(241, 5),
(247, 5),
(250, 5),
(253, 5),
(254, 5),
(257, 5),
(258, 5),
(259, 5),
(264, 5),
(272, 5),
(273, 5),
(274, 5),
(279, 5),
(282, 5),
(284, 5),
(287, 5),
(289, 5),
(292, 5),
(294, 5),
(298, 5);

-- --------------------------------------------------------

--
-- Table structure for table `experience_traffic`
--

DROP TABLE IF EXISTS `experience_traffic`;
CREATE TABLE IF NOT EXISTS `experience_traffic` (
  `traffic_id` int NOT NULL,
  `experience_id` int NOT NULL,
  PRIMARY KEY (`traffic_id`,`experience_id`),
  KEY `experience_id` (`experience_id`)
) ENGINE=InnoDB DEFAULT CHARSET=utf8mb4 COLLATE=utf8mb4_0900_ai_ci;

--
-- Dumping data for table `experience_traffic`
--

INSERT INTO `experience_traffic` (`traffic_id`, `experience_id`) VALUES
(2, 1),
(4, 1),
(3, 2),
(5, 2),
(4, 3),
(5, 3),
(1, 4),
(4, 4),
(3, 5),
(1, 6),
(3, 6),
(5, 7),
(3, 8),
(5, 8),
(3, 9),
(4, 9),
(5, 10),
(3, 11),
(2, 12),
(3, 12),
(1, 13),
(1, 14),
(5, 14),
(2, 15),
(5, 15),
(4, 16),
(5, 17),
(4, 18),
(5, 19),
(5, 20),
(3, 21),
(2, 22),
(2, 23),
(2, 24),
(3, 24),
(4, 25),
(1, 26),
(4, 27),
(5, 28),
(1, 29),
(5, 29),
(3, 30),
(4, 31),
(3, 32),
(5, 32),
(2, 33),
(5, 33),
(5, 34),
(1, 35),
(1, 36),
(2, 36),
(1, 37),
(4, 38),
(3, 39),
(4, 40),
(4, 41),
(3, 42),
(5, 42),
(2, 43),
(2, 44),
(5, 44),
(1, 45),
(5, 45),
(1, 46),
(1, 47),
(1, 48),
(4, 48),
(4, 49),
(4, 50),
(5, 50),
(1, 51),
(2, 52),
(4, 52),
(3, 53),
(2, 54),
(3, 54),
(2, 55),
(4, 56),
(5, 57),
(3, 58),
(4, 58),
(1, 59),
(5, 59),
(1, 60),
(5, 60),
(2, 61),
(4, 62),
(3, 63),
(3, 64),
(1, 65),
(2, 66),
(2, 67),
(3, 67),
(2, 68),
(4, 68),
(1, 69),
(3, 69),
(1, 70),
(2, 71),
(1, 72),
(3, 72),
(1, 73),
(2, 74),
(1, 75),
(4, 75),
(4, 76),
(1, 77),
(1, 78),
(5, 78),
(1, 79),
(4, 80),
(3, 81),
(1, 82),
(4, 82),
(4, 83),
(4, 84),
(4, 85),
(4, 86),
(5, 86),
(2, 87),
(3, 88),
(1, 89),
(5, 90),
(3, 91),
(1, 92),
(5, 92),
(1, 93),
(2, 94),
(5, 94),
(1, 95),
(3, 95),
(3, 96),
(4, 96),
(1, 97),
(2, 97),
(2, 98),
(4, 98),
(1, 99),
(1, 100),
(5, 100),
(2, 101),
(2, 102),
(3, 102),
(1, 103),
(3, 103),
(3, 104),
(5, 104),
(2, 105),
(4, 105),
(3, 106),
(3, 107),
(1, 108),
(3, 108),
(1, 109),
(3, 109),
(1, 110),
(5, 110),
(2, 111),
(5, 111),
(3, 112),
(4, 112),
(1, 113),
(3, 114),
(5, 114),
(2, 115),
(5, 116),
(1, 117),
(3, 117),
(5, 118),
(4, 119),
(1, 120),
(3, 121),
(2, 122),
(4, 122),
(2, 123),
(2, 124),
(5, 124),
(1, 125),
(3, 125),
(3, 126),
(1, 127),
(2, 127),
(3, 128),
(2, 129),
(4, 129),
(4, 130),
(2, 131),
(3, 131),
(3, 132),
(4, 132),
(5, 133),
(1, 134),
(5, 134),
(3, 135),
(4, 135),
(5, 136),
(4, 137),
(2, 138),
(1, 139),
(1, 140),
(1, 141),
(4, 142),
(5, 142),
(3, 143),
(4, 143),
(3, 144),
(4, 145),
(2, 146),
(1, 147),
(3, 147),
(5, 148),
(1, 149),
(3, 149),
(1, 150),
(2, 150),
(2, 151),
(3, 151),
(4, 152),
(3, 153),
(5, 154),
(3, 155),
(1, 156),
(5, 157),
(5, 158),
(3, 159),
(1, 160),
(5, 160),
(3, 161),
(4, 161),
(1, 162),
(3, 162),
(2, 163),
(5, 163),
(4, 164),
(3, 165),
(4, 165),
(1, 166),
(5, 166),
(4, 167),
(2, 168),
(3, 168),
(1, 169),
(1, 170),
(4, 170),
(1, 171),
(4, 171),
(4, 172),
(5, 172),
(3, 173),
(2, 174),
(3, 175),
(2, 176),
(5, 176),
(1, 177),
(4, 177),
(2, 178),
(1, 179),
(3, 180),
(1, 181),
(2, 182),
(5, 182),
(2, 183),
(4, 183),
(4, 184),
(5, 184),
(1, 185),
(4, 186),
(5, 186),
(4, 187),
(1, 188),
(3, 189),
(3, 190),
(1, 191),
(5, 192),
(1, 193),
(4, 194),
(5, 195),
(2, 196),
(3, 196),
(5, 197),
(2, 198),
(2, 199),
(1, 200),
(4, 200),
(3, 201),
(3, 202),
(3, 203),
(5, 203),
(1, 204),
(2, 204),
(4, 205),
(3, 206),
(4, 207),
(5, 208),
(4, 209),
(5, 209),
(2, 210),
(1, 211),
(4, 212),
(2, 213),
(4, 213),
(4, 214),
(3, 215),
(5, 215),
(1, 216),
(5, 216),
(3, 217),
(5, 217),
(1, 218),
(3, 219),
(4, 219),
(2, 220),
(5, 220),
(1, 221),
(5, 221),
(2, 222),
(1, 223),
(3, 223),
(3, 224),
(5, 224),
(5, 225),
(3, 226),
(4, 227),
(5, 227),
(2, 228),
(3, 228),
(1, 229),
(4, 229),
(2, 230),
(5, 230),
(4, 231),
(5, 232),
(2, 233),
(3, 233),
(1, 234),
(2, 234),
(1, 235),
(5, 235),
(2, 236),
(1, 237),
(2, 237),
(1, 238),
(5, 238),
(2, 239),
(1, 240),
(4, 240),
(5, 241),
(3, 242),
(3, 243),
(4, 243),
(4, 244),
(5, 244),
(4, 245),
(4, 246),
(2, 247),
(5, 247),
(3, 248),
(5, 249),
(1, 250),
(4, 250),
(2, 251),
(2, 252),
(2, 253),
(2, 254),
(3, 255),
(5, 255),
(3, 256),
(1, 257),
(2, 258),
(2, 259),
(3, 259),
(2, 260),
(3, 261),
(5, 261),
(3, 262),
(4, 262),
(2, 263),
(3, 263),
(4, 264),
(1, 265),
(3, 265),
(2, 266),
(4, 267),
(5, 268),
(1, 269),
(3, 269),
(4, 270),
(2, 271),
(2, 272),
(3, 273),
(1, 274),
(2, 274),
(1, 275),
(4, 275),
(2, 276),
(4, 276),
(4, 277),
(1, 278),
(4, 278),
(3, 279),
(1, 280),
(4, 280),
(1, 281),
(1, 282),
(2, 283),
(4, 283),
(2, 284),
(2, 285),
(5, 286),
(3, 287),
(4, 287),
(1, 288),
(2, 288),
(5, 289),
(4, 290),
(5, 290),
(4, 291),
(2, 292),
(3, 292),
(2, 293),
(1, 294),
(4, 294),
(5, 295),
(4, 296),
(5, 297),
(4, 298),
(5, 298),
(1, 299),
(5, 299),
(3, 300),
(5, 300),
(5, 301);

-- --------------------------------------------------------

--
-- Table structure for table `experience_weather`
--

DROP TABLE IF EXISTS `experience_weather`;
CREATE TABLE IF NOT EXISTS `experience_weather` (
  `experience_id` int NOT NULL,
  `weather_id` int NOT NULL,
  PRIMARY KEY (`experience_id`,`weather_id`),
  KEY `weather_id` (`weather_id`)
) ENGINE=InnoDB DEFAULT CHARSET=utf8mb4 COLLATE=utf8mb4_0900_ai_ci;

--
-- Dumping data for table `experience_weather`
--

INSERT INTO `experience_weather` (`experience_id`, `weather_id`) VALUES
(4, 1),
(6, 1),
(12, 1),
(16, 1),
(21, 1),
(23, 1),
(25, 1),
(26, 1),
(28, 1),
(33, 1),
(40, 1),
(44, 1),
(49, 1),
(51, 1),
(53, 1),
(56, 1),
(57, 1),
(60, 1),
(70, 1),
(71, 1),
(73, 1),
(74, 1),
(76, 1),
(77, 1),
(78, 1),
(80, 1),
(83, 1),
(84, 1),
(88, 1),
(89, 1),
(94, 1),
(98, 1),
(101, 1),
(108, 1),
(110, 1),
(112, 1),
(117, 1),
(119, 1),
(120, 1),
(121, 1),
(125, 1),
(126, 1),
(127, 1),
(132, 1),
(139, 1),
(140, 1),
(142, 1),
(144, 1),
(145, 1),
(149, 1),
(152, 1),
(154, 1),
(161, 1),
(166, 1),
(169, 1),
(170, 1),
(172, 1),
(183, 1),
(184, 1),
(188, 1),
(190, 1),
(195, 1),
(198, 1),
(200, 1),
(206, 1),
(211, 1),
(217, 1),
(218, 1),
(223, 1),
(234, 1),
(236, 1),
(239, 1),
(242, 1),
(243, 1),
(249, 1),
(250, 1),
(253, 1),
(254, 1),
(259, 1),
(261, 1),
(262, 1),
(264, 1),
(267, 1),
(270, 1),
(275, 1),
(278, 1),
(279, 1),
(281, 1),
(284, 1),
(285, 1),
(287, 1),
(290, 1),
(291, 1),
(297, 1),
(301, 1),
(1, 2),
(6, 2),
(9, 2),
(10, 2),
(13, 2),
(20, 2),
(22, 2),
(37, 2),
(38, 2),
(42, 2),
(43, 2),
(44, 2),
(45, 2),
(47, 2),
(50, 2),
(55, 2),
(56, 2),
(59, 2),
(62, 2),
(63, 2),
(64, 2),
(65, 2),
(67, 2),
(68, 2),
(70, 2),
(72, 2),
(75, 2),
(79, 2),
(84, 2),
(91, 2),
(94, 2),
(99, 2),
(102, 2),
(104, 2),
(107, 2),
(109, 2),
(111, 2),
(115, 2),
(124, 2),
(128, 2),
(130, 2),
(135, 2),
(138, 2),
(140, 2),
(144, 2),
(147, 2),
(148, 2),
(149, 2),
(157, 2),
(158, 2),
(159, 2),
(164, 2),
(170, 2),
(171, 2),
(173, 2),
(176, 2),
(178, 2),
(179, 2),
(180, 2),
(183, 2),
(185, 2),
(193, 2),
(196, 2),
(200, 2),
(201, 2),
(203, 2),
(205, 2),
(207, 2),
(210, 2),
(211, 2),
(215, 2),
(218, 2),
(226, 2),
(228, 2),
(230, 2),
(231, 2),
(244, 2),
(245, 2),
(248, 2),
(249, 2),
(252, 2),
(260, 2),
(266, 2),
(270, 2),
(276, 2),
(280, 2),
(282, 2),
(286, 2),
(288, 2),
(289, 2),
(292, 2),
(294, 2),
(3, 3),
(7, 3),
(12, 3),
(15, 3),
(16, 3),
(17, 3),
(18, 3),
(22, 3),
(24, 3),
(29, 3),
(30, 3),
(31, 3),
(34, 3),
(35, 3),
(39, 3),
(41, 3),
(46, 3),
(58, 3),
(61, 3),
(71, 3),
(72, 3),
(76, 3),
(81, 3),
(82, 3),
(87, 3),
(98, 3),
(100, 3),
(103, 3),
(106, 3),
(110, 3),
(113, 3),
(114, 3),
(115, 3),
(116, 3),
(119, 3),
(122, 3),
(126, 3),
(130, 3),
(131, 3),
(134, 3),
(136, 3),
(137, 3),
(141, 3),
(143, 3),
(155, 3),
(162, 3),
(163, 3),
(164, 3),
(167, 3),
(168, 3),
(177, 3),
(181, 3),
(186, 3),
(194, 3),
(213, 3),
(215, 3),
(216, 3),
(219, 3),
(221, 3),
(222, 3),
(227, 3),
(230, 3),
(232, 3),
(234, 3),
(235, 3),
(237, 3),
(241, 3),
(246, 3),
(247, 3),
(253, 3),
(257, 3),
(260, 3),
(265, 3),
(271, 3),
(274, 3),
(277, 3),
(282, 3),
(283, 3),
(285, 3),
(292, 3),
(295, 3),
(298, 3),
(301, 3),
(1, 4),
(2, 4),
(3, 4),
(5, 4),
(11, 4),
(14, 4),
(19, 4),
(21, 4),
(27, 4),
(31, 4),
(32, 4),
(33, 4),
(46, 4),
(50, 4),
(53, 4),
(54, 4),
(58, 4),
(66, 4),
(69, 4),
(75, 4),
(87, 4),
(90, 4),
(93, 4),
(95, 4),
(96, 4),
(101, 4),
(104, 4),
(105, 4),
(108, 4),
(109, 4),
(111, 4),
(121, 4),
(129, 4),
(133, 4),
(134, 4),
(135, 4),
(139, 4),
(146, 4),
(150, 4),
(151, 4),
(152, 4),
(153, 4),
(159, 4),
(160, 4),
(165, 4),
(167, 4),
(171, 4),
(174, 4),
(175, 4),
(179, 4),
(182, 4),
(185, 4),
(189, 4),
(191, 4),
(194, 4),
(195, 4),
(197, 4),
(199, 4),
(204, 4),
(209, 4),
(210, 4),
(212, 4),
(213, 4),
(214, 4),
(219, 4),
(220, 4),
(224, 4),
(227, 4),
(229, 4),
(236, 4),
(238, 4),
(240, 4),
(242, 4),
(248, 4),
(251, 4),
(252, 4),
(255, 4),
(256, 4),
(258, 4),
(259, 4),
(262, 4),
(265, 4),
(268, 4),
(269, 4),
(273, 4),
(278, 4),
(283, 4),
(284, 4),
(288, 4),
(291, 4),
(293, 4),
(295, 4),
(296, 4),
(298, 4),
(299, 4),
(300, 4),
(8, 5),
(10, 5),
(13, 5),
(17, 5),
(19, 5),
(26, 5),
(30, 5),
(34, 5),
(35, 5),
(36, 5),
(39, 5),
(42, 5),
(45, 5),
(48, 5),
(51, 5),
(52, 5),
(55, 5),
(60, 5),
(66, 5),
(67, 5),
(68, 5),
(69, 5),
(78, 5),
(80, 5),
(85, 5),
(86, 5),
(88, 5),
(89, 5),
(92, 5),
(96, 5),
(97, 5),
(102, 5),
(105, 5),
(107, 5),
(112, 5),
(114, 5),
(116, 5),
(117, 5),
(118, 5),
(123, 5),
(125, 5),
(133, 5),
(136, 5),
(137, 5),
(141, 5),
(143, 5),
(147, 5),
(155, 5),
(156, 5),
(158, 5),
(161, 5),
(163, 5),
(166, 5),
(172, 5),
(177, 5),
(181, 5),
(186, 5),
(187, 5),
(189, 5),
(192, 5),
(193, 5),
(196, 5),
(199, 5),
(202, 5),
(203, 5),
(204, 5),
(205, 5),
(208, 5),
(214, 5),
(217, 5),
(222, 5),
(224, 5),
(225, 5),
(226, 5),
(232, 5),
(233, 5),
(237, 5),
(238, 5),
(239, 5),
(243, 5),
(250, 5),
(251, 5),
(254, 5),
(257, 5),
(258, 5),
(261, 5),
(263, 5),
(264, 5),
(272, 5),
(279, 5),
(286, 5),
(289, 5),
(293, 5),
(294, 5),
(297, 5),
(299, 5);

-- --------------------------------------------------------

--
-- Table structure for table `maneuver`
--

DROP TABLE IF EXISTS `maneuver`;
CREATE TABLE IF NOT EXISTS `maneuver` (
  `maneuver` varchar(20) NOT NULL,
  `maneuver_id` int NOT NULL,
  PRIMARY KEY (`maneuver_id`)
) ENGINE=InnoDB DEFAULT CHARSET=utf8mb4 COLLATE=utf8mb4_0900_ai_ci;

--
-- Dumping data for table `maneuver`
--

INSERT INTO `maneuver` (`maneuver`, `maneuver_id`) VALUES
('J-Turn', 1),
('Hook Turn', 2),
('Box Turn', 3),
('Controlled Skid', 4),
('Reverse Flick', 5);

-- --------------------------------------------------------

--
-- Table structure for table `navigation`
--

DROP TABLE IF EXISTS `navigation`;
CREATE TABLE IF NOT EXISTS `navigation` (
  `navigation_id` int NOT NULL,
  `navigation` varchar(20) NOT NULL,
  PRIMARY KEY (`navigation_id`)
) ENGINE=InnoDB DEFAULT CHARSET=utf8mb4 COLLATE=utf8mb4_0900_ai_ci;

--
-- Dumping data for table `navigation`
--

INSERT INTO `navigation` (`navigation_id`, `navigation`) VALUES
(1, 'Google Maps'),
(2, 'Paper Map'),
(3, 'None');

-- --------------------------------------------------------

--
-- Table structure for table `road`
--

DROP TABLE IF EXISTS `road`;
CREATE TABLE IF NOT EXISTS `road` (
  `road_id` int NOT NULL,
  `road` varchar(20) NOT NULL,
  PRIMARY KEY (`road_id`)
) ENGINE=InnoDB DEFAULT CHARSET=utf8mb4 COLLATE=utf8mb4_0900_ai_ci;

--
-- Dumping data for table `road`
--

INSERT INTO `road` (`road_id`, `road`) VALUES
(1, 'Highway A'),
(2, 'Main Street'),
(3, 'Country Road'),
(4, 'Interstate 95'),
(5, 'Parkway B');

-- --------------------------------------------------------

--
-- Table structure for table `traffic`
--

DROP TABLE IF EXISTS `traffic`;
CREATE TABLE IF NOT EXISTS `traffic` (
  `traffic_id` int NOT NULL,
  `traffic` varchar(20) NOT NULL,
  PRIMARY KEY (`traffic_id`)
) ENGINE=InnoDB DEFAULT CHARSET=utf8mb4 COLLATE=utf8mb4_0900_ai_ci;

--
-- Dumping data for table `traffic`
--

INSERT INTO `traffic` (`traffic_id`, `traffic`) VALUES
(1, 'Heavy traffic'),
(2, 'Moderate traffic'),
(3, 'Light traffic'),
(4, 'No traffic'),
(5, 'Traffic jam');

-- --------------------------------------------------------

--
-- Table structure for table `weather`
--

DROP TABLE IF EXISTS `weather`;
CREATE TABLE IF NOT EXISTS `weather` (
  `weather_id` int NOT NULL,
  `weather` varchar(20) NOT NULL,
  PRIMARY KEY (`weather_id`)
) ENGINE=InnoDB DEFAULT CHARSET=utf8mb4 COLLATE=utf8mb4_0900_ai_ci;

--
-- Dumping data for table `weather`
--

INSERT INTO `weather` (`weather_id`, `weather`) VALUES
(1, 'Sunny'),
(2, 'Rainy'),
(3, 'Cloudy'),
(4, 'Snowy'),
(5, 'Windy');

--
-- Constraints for dumped tables
--

--
-- Constraints for table `experience`
--
ALTER TABLE `experience`
  ADD CONSTRAINT `experience_ibfk_1` FOREIGN KEY (`navigation_id`) REFERENCES `navigation` (`navigation_id`);

--
-- Constraints for table `experience_maneuver`
--
ALTER TABLE `experience_maneuver`
  ADD CONSTRAINT `experience_maneuver_ibfk_1` FOREIGN KEY (`experience_id`) REFERENCES `experience` (`experience_id`),
  ADD CONSTRAINT `experience_maneuver_ibfk_2` FOREIGN KEY (`maneuver_id`) REFERENCES `maneuver` (`maneuver_id`);

--
-- Constraints for table `experience_road`
--
ALTER TABLE `experience_road`
  ADD CONSTRAINT `experience_road_ibfk_1` FOREIGN KEY (`experience_id`) REFERENCES `experience` (`experience_id`),
  ADD CONSTRAINT `experience_road_ibfk_2` FOREIGN KEY (`road_id`) REFERENCES `road` (`road_id`);

--
-- Constraints for table `experience_traffic`
--
ALTER TABLE `experience_traffic`
  ADD CONSTRAINT `experience_traffic_ibfk_1` FOREIGN KEY (`traffic_id`) REFERENCES `traffic` (`traffic_id`),
  ADD CONSTRAINT `experience_traffic_ibfk_2` FOREIGN KEY (`experience_id`) REFERENCES `experience` (`experience_id`);

--
-- Constraints for table `experience_weather`
--
ALTER TABLE `experience_weather`
  ADD CONSTRAINT `experience_weather_ibfk_1` FOREIGN KEY (`experience_id`) REFERENCES `experience` (`experience_id`),
  ADD CONSTRAINT `experience_weather_ibfk_2` FOREIGN KEY (`weather_id`) REFERENCES `weather` (`weather_id`);
COMMIT;

/*!40101 SET CHARACTER_SET_CLIENT=@OLD_CHARACTER_SET_CLIENT */;
/*!40101 SET CHARACTER_SET_RESULTS=@OLD_CHARACTER_SET_RESULTS */;
/*!40101 SET COLLATION_CONNECTION=@OLD_COLLATION_CONNECTION */;
